score,emojiCount,profanityCount,wordCount,subreddit
-76,36,0,202,funny
2,0,1,27,funny
2,0,1,27,funny
1,1,0,11,funny
2,0,0,16,funny
1,1,0,42,funny
1,0,0,6,funny
-3,0,1,26,funny
49,0,1,18,funny
1,3,0,29,funny
2,0,0,21,funny
1,0,1,9,funny
1,1,0,9,funny
1,0,0,9,funny
2,0,1,26,funny
1,4,0,24,funny
0,0,2,39,funny
0,0,2,39,funny
24,1,0,9,funny
0,0,0,14,funny
1,0,1,2,funny
3,14,3,57,funny
1,0,0,1,funny
1,0,1,157,funny
4,1,0,9,funny
1,0,0,3,funny
17,0,1,56,funny
1,1,0,4,funny
5,0,0,28,funny
1,0,1,2,funny
2,4,0,1,funny
-6,0,0,15,funny
196,0,1,64,funny
2,1,0,4,funny
2,0,0,15,funny
-6,0,2,30,funny
3,1,0,8,funny
3,0,0,25,funny
2,0,1,28,funny
2,2,0,30,funny
25,0,0,45,funny
1,0,1,9,funny
-7,1,0,7,funny
8,0,0,84,funny
1,0,1,3,funny
2,1,0,17,funny
1,0,0,28,funny
3,0,1,4,funny
2,1,0,15,funny
-17,0,0,48,funny
3,0,1,9,funny
2,1,0,4,funny
3,0,0,2,funny
1,1,0,2,funny
3,0,0,13,funny
1,2,0,24,funny
2,0,0,5,funny
6,0,1,34,funny
7,0,1,7,funny
4,0,1,8,funny
9,1,0,9,funny
1,0,0,9,funny
10,4,0,11,funny
33,0,0,15,funny
2,3,0,6,funny
-4,0,0,15,funny
52,1,0,5,funny
28,0,0,9,funny
3,0,3,199,funny
1,3,0,4,funny
8,0,0,6,funny
459,0,1,5,funny
1,0,1,8,funny
1,1,0,3,funny
1,0,1,44,funny
1,0,1,44,funny
1,0,1,18,funny
7,0,1,4,funny
1,5,0,8,funny
16,0,0,21,funny
-1,0,1,146,funny
-6,3,0,8,funny
1,0,0,24,funny
1,2,0,18,funny
-10,0,0,21,funny
-1,0,1,3,funny
7,0,1,12,funny
2,1,0,18,funny
4,0,0,1,funny
12,0,1,3,funny
3,1,0,5,funny
1,0,0,3,funny
3,1,0,3,funny
0,0,0,10,funny
-13,3,0,9,funny
2,0,0,2,funny
2,1,0,13,funny
2,0,0,6,funny
11,0,1,26,funny
2,1,0,5,funny
1,0,0,11,funny
6,0,1,4,funny
45,1,0,8,funny
1,0,0,11,funny
72,1,0,13,funny
1,0,0,15,funny
3,1,0,8,funny
2,0,0,8,funny
7,0,2,76,funny
1,0,1,5,funny
-1,0,1,5,funny
3,0,2,46,funny
7,0,2,30,funny
10,0,1,46,funny
4,4,1,98,funny
6,0,0,31,funny
-14,0,1,30,funny
0,1,0,7,funny
-22,0,0,8,funny
1,0,1,3,funny
2,3,0,4,funny
3,0,0,7,funny
5,0,2,48,funny
3,4,1,98,funny
1,0,0,10,funny
117,0,1,31,funny
2,9,0,1,funny
8,0,0,6,funny
-5,0,1,5,funny
-1,2,0,3,funny
4,0,0,21,funny
1,1,0,12,funny
-3,0,0,17,funny
5,2,0,4,funny
6,0,0,23,funny
5,0,1,9,funny
3,0,1,14,funny
0,4,0,3,funny
4,0,0,16,funny
71,0,1,4,funny
3,1,0,3,funny
10,0,0,6,funny
7,0,3,14,funny
1,1,0,9,funny
3,0,0,9,funny
1,0,1,19,funny
0,4,0,3,funny
-3,0,0,23,funny
1,2,0,7,funny
2,0,0,1,funny
2,1,1,14,funny
0,0,0,26,funny
5,0,3,163,funny
1,1,0,9,funny
6,0,0,14,funny
2,0,1,6,funny
3,0,1,6,funny
-4,0,1,17,funny
1,1,0,15,funny
1,0,0,5,funny
-7,0,1,18,funny
1,1,0,3,funny
1,0,0,7,funny
1,0,1,4,funny
3,1,0,11,funny
1,0,0,2,funny
3,1,0,19,funny
1,0,1,69,funny
1,0,1,69,funny
4,0,1,28,funny
14,4,0,21,funny
2,0,0,2,funny
1,0,1,2,funny
0,1,0,1,funny
1,0,1,21,funny
1,0,1,21,funny
0,10,0,7,funny
4,0,0,3,funny
1,0,1,11,funny
2,1,0,5,funny
1,0,0,19,funny
-1,0,1,27,funny
4,1,0,5,funny
1,0,0,1,funny
11,1,0,9,funny
5,0,0,26,funny
1,0,1,14,funny
7,0,1,4,funny
1,1,0,1,funny
1,0,0,10,funny
28,0,1,49,funny
-3,1,0,4,funny
3,0,0,15,funny
1,1,0,10,funny
1,0,0,2,funny
1,0,1,8,funny
1,1,0,2,funny
3,0,0,5,funny
1,0,1,18,funny
-15,1,0,11,funny
3,0,0,39,funny
7,0,1,15,funny
19,0,1,18,funny
2,1,0,6,funny
1,0,0,35,funny
12,0,2,22,funny
1,1,0,24,funny
-1,0,0,4,funny
7,0,1,12,funny
3,1,0,2,funny
1,0,0,56,funny
1,0,1,6,funny
0,1,0,4,funny
1,0,0,5,funny
-2,0,1,28,funny
2,1,0,5,funny
0,0,0,33,funny
2,0,1,32,funny
1,1,0,4,funny
1,0,0,4,funny
2,0,1,10,funny
8,1,0,9,funny
1,0,0,1,funny
13,0,1,16,funny
2,1,0,49,funny
1,0,0,4,funny
5,1,0,7,funny
67,0,0,28,funny
-5,0,1,4,funny
2,0,1,26,funny
1,1,0,15,funny
16,0,1,64,funny
16,0,1,64,funny
2,1,0,11,funny
5,0,0,12,funny
2,0,1,100,funny
1,1,0,1,funny
3,0,0,1,funny
173,0,1,14,funny
2,1,0,9,funny
1,0,0,1,funny
6,0,2,58,funny
8,3,0,10,funny
9,0,0,21,funny
3,0,1,30,funny
-4,3,0,6,funny
1,0,0,46,funny
2,5,0,3,funny
1,0,0,1,funny
7,1,1,21,funny
3,0,0,14,funny
-26,0,1,3,funny
27,1,1,8,funny
1,0,0,2,funny
7,0,1,17,funny
2,1,0,18,funny
14,0,0,1,funny
-7,0,1,34,funny
2,1,0,1,funny
1,0,0,4,funny
5,1,0,22,funny
1,0,0,1,funny
20,0,1,27,funny
2,0,1,16,funny
-15,2,0,19,funny
1,0,0,7,funny
1,0,1,85,funny
0,1,0,4,funny
1,0,0,7,funny
1,0,1,3,funny
0,2,0,31,funny
0,0,0,9,funny
-1,0,1,11,funny
1,1,0,3,funny
3,0,0,13,funny
-9,0,1,15,funny
9,1,0,21,funny
3,0,0,11,funny
4,1,0,17,funny
54,0,0,10,funny
1,0,1,14,funny
1,7,0,5,funny
1,0,0,6,funny
2,0,1,13,funny
1,0,1,35,funny
1,1,0,5,funny
9,0,0,8,funny
3,0,1,16,funny
1,3,0,3,funny
1,0,0,1,funny
8,0,1,4,funny
1,1,0,30,funny
6,0,0,2,funny
-2,0,1,98,funny
4,1,0,8,funny
1,0,0,6,funny
21,0,1,6,funny
6,3,0,6,funny
1,0,0,2,funny
2,0,1,129,funny
2,1,0,34,funny
-2,0,0,6,funny
7,0,1,30,funny
1,1,0,7,funny
2,0,0,21,funny
1,0,1,4,funny
2,3,0,1,funny
6,0,0,5,funny
10,0,1,24,funny
13,1,0,4,funny
3,0,0,50,funny
4,0,2,22,funny
2,1,0,12,funny
1,0,0,1,funny
1,2,0,7,funny
23,0,0,12,funny
0,1,0,4,funny
1,0,0,7,funny
8,1,0,7,funny
1,0,0,7,funny
1,0,1,24,funny
1,1,0,9,funny
1,0,0,10,funny
2,0,1,13,funny
3,0,1,13,funny
8,0,1,26,funny
2,0,1,7,funny
1,1,0,10,funny
-1,0,0,90,funny
-34,0,1,13,funny
15,1,0,8,funny
4,0,0,3,funny
0,0,1,8,funny
2,2,0,8,funny
5,0,0,7,funny
2,0,1,2,funny
2,1,0,24,funny
-3,0,0,13,funny
1,0,1,71,funny
1,2,0,16,funny
1,0,0,48,funny
9,0,1,20,funny
1,1,0,5,funny
1,0,0,5,funny
28,0,2,24,funny
1,1,0,4,funny
1,0,0,14,funny
2,0,2,121,funny
3,3,0,7,funny
1,0,0,7,funny
0,0,1,5,funny
16,3,0,4,funny
5,0,0,46,funny
-1,0,1,31,funny
4,1,0,5,funny
1,0,0,17,funny
7,0,1,17,funny
2,1,0,10,funny
3,0,0,6,funny
1,0,1,39,funny
8,4,0,8,funny
2,0,0,3,funny
8,0,1,12,funny
3,1,0,7,funny
2,0,0,47,funny
1,0,1,11,funny
1,1,0,436,funny
1,0,0,1,funny
2,1,0,10,funny
1,3,0,6,funny
8,0,0,18,funny
1,0,0,1,funny
75,0,1,54,funny
6,0,1,66,funny
9,0,1,14,funny
2,1,0,1,funny
1,0,0,4,funny
36,1,0,7,funny
12,0,0,11,funny
1,0,1,44,funny
-2,1,0,5,funny
1,0,0,8,funny
-2,0,1,2,funny
11,0,1,8,funny
1,1,2,15,funny
3,0,0,29,funny
18,0,1,15,funny
0,1,0,1,funny
3,0,0,4,funny
-6,0,17,104,funny
1,1,0,7,funny
1,0,1,19,funny
1,0,1,19,funny
2,1,0,17,funny
0,1,0,12,funny
1,0,0,3,funny
1,0,0,23,funny
29,0,1,147,funny
3,0,1,24,funny
4,1,0,17,funny
2,0,0,17,funny
0,0,1,4,funny
1,1,0,5,funny
0,0,0,3,funny
-9,0,1,12,funny
4,2,0,1,funny
1,0,0,38,funny
10,0,1,30,funny
1,1,0,1,funny
6,0,0,10,funny
9,1,0,7,funny
1,0,0,3,funny
1,0,1,49,funny
2,0,1,10,funny
2,1,0,12,funny
2,0,0,11,funny
3,1,1,67,funny
-1,0,0,2,funny
-5,0,1,112,funny
-5,1,0,10,funny
2,0,0,14,funny
2,0,1,18,funny
0,0,1,5,funny
1,1,0,6,funny
6,0,0,5,funny
1,0,1,38,funny
2,2,0,6,funny
3,1,0,1,funny
1,0,0,6,funny
2,0,0,11,funny
1,0,1,24,funny
11,0,1,14,funny
0,1,0,1,funny
4,0,0,6,funny
0,1,0,1,funny
2,0,0,12,funny
28,0,1,9,funny
2,0,1,11,funny
7,3,0,25,funny
1,0,0,186,funny
76,0,1,31,funny
8,4,0,3,funny
10,0,0,4,funny
0,0,1,2,funny
1,1,0,1,funny
9,0,0,5,funny
12,0,1,8,funny
2,1,0,5,funny
4,0,0,6,funny
17,0,1,6,funny
1,1,0,11,funny
2,0,0,5,funny
15,0,2,33,funny
1,3,0,3,funny
1,0,0,3,funny
1,2,0,16,funny
1,0,0,3,funny
1,1,0,3,funny
0,0,0,2,funny
1,1,0,6,funny
2,0,0,7,funny
1,0,1,41,funny
2,0,1,19,funny
1,0,1,3,funny
1,0,1,40,funny
2,1,0,5,funny
2,1,0,66,funny
1,0,0,6,funny
5,0,0,5,funny
6,0,1,6,funny
7,0,1,16,funny
2,2,0,2,funny
-3,0,0,2,funny
1,1,0,1,funny
1,0,0,8,funny
6,0,1,23,funny
3,0,1,5,funny
2,2,0,7,funny
0,0,0,10,funny
1,0,1,1,funny
2,1,0,6,funny
2,0,1,19,funny
2,0,1,19,funny
2,2,0,37,funny
1,0,2,116,funny
1,0,2,116,funny
1,1,0,7,funny
-2,0,1,18,funny
-2,0,1,18,funny
2,1,0,13,funny
1,0,0,10,funny
1,14,0,1,funny
1,0,0,34,funny
1,8,0,1,funny
1,0,0,12,funny
-32,3,0,17,funny
1,0,0,2,funny
-3,0,4,71,funny
18,2,0,4,funny
1,0,0,1,funny
2,3,0,7,funny
6,0,0,63,funny
-2,0,1,105,funny
2,2,0,3,funny
0,0,0,18,funny
3,0,1,3,funny
2,0,1,48,funny
6,0,1,22,funny
1,1,0,15,funny
1,0,0,1,funny
3,0,1,4,funny
1,3,0,1,funny
10,0,0,25,funny
0,0,1,12,funny
1,0,1,12,funny
0,0,1,13,funny
2,1,0,14,funny
2,0,0,7,funny
-28,0,1,74,funny
1,1,0,11,funny
5,0,1,8,funny
5,0,1,8,funny
-22,1,0,9,funny
1,0,0,5,funny
3,0,1,2,funny
7,1,0,9,funny
1,0,0,6,funny
1,1,0,4,funny
1,0,0,9,funny
2,0,1,42,funny
1,0,7,93,funny
3,1,0,47,funny
8,0,0,3,funny
-1,0,1,47,funny
1,1,0,2,funny
-5,0,0,25,funny
1,0,1,2,funny
1,1,0,14,funny
1,0,0,7,funny
0,0,1,35,funny
2,1,0,6,funny
2,0,0,14,funny
9,0,1,20,funny
2,1,0,5,funny
1,0,0,10,funny
1,2,1,60,funny
1,0,0,1,funny
1,0,1,10,funny
1,1,0,6,funny
0,0,0,5,funny
8,0,1,43,funny
-21,3,0,6,funny
1,0,0,1,funny
1,0,1,87,funny
51,0,4,29,funny
1,1,0,12,funny
2,0,0,11,funny
3,1,1,9,funny
4,0,0,15,funny
1,0,1,13,funny
-12,0,1,13,funny
2,2,0,7,funny
6,0,0,17,funny
0,0,1,4,funny
-1,2,0,6,funny
1,0,0,6,funny
45,1,0,9,funny
1,1,0,4,funny
2,0,0,46,funny
0,0,0,61,funny
5,0,1,27,funny
5,0,1,2,funny
-2,0,1,27,funny
-3,1,0,1,funny
2,0,0,14,funny
8,0,1,86,funny
0,1,0,12,funny
6,0,0,4,funny
0,1,0,2,funny
16,0,3,49,funny
16,0,3,49,funny
1,0,1,10,funny
0,1,0,2,funny
0,0,0,13,funny
4,0,1,39,funny
2,1,0,2,funny
5,0,0,12,funny
4,0,1,38,funny
1,2,0,1,funny
1,0,0,51,funny
5,0,2,77,funny
1,4,0,1,funny
1,0,0,4,funny
3,0,1,30,funny
1,3,0,11,funny
1,0,0,10,funny
3,0,1,7,funny
1,2,0,1,funny
13,0,0,5,funny
3,0,1,3,funny
2,1,0,1,funny
52,0,0,19,funny
2,1,0,6,funny
1,0,1,21,funny
1,0,1,21,funny
3,1,0,5,funny
2,0,0,10,funny
1,3,0,5,funny
3,0,0,162,funny
3,0,1,4,funny
3,1,0,1,funny
1,0,0,8,funny
1,0,1,12,funny
1,0,1,5,funny
1,0,1,4,funny
-1,4,1,30,funny
-11,0,0,59,funny
10,1,0,8,funny
3,0,0,8,funny
12,0,4,64,funny
2,0,1,8,funny
3,1,0,7,funny
5,0,0,8,funny
3,0,1,8,funny
1,1,0,7,funny
1,0,0,1,funny
1,2,0,3,funny
6,0,0,4,funny
1,0,1,2,funny
2,0,1,29,funny
1,1,0,35,funny
2,0,0,13,funny
2,1,0,47,funny
3,0,0,2,funny
4,1,0,11,funny
9,0,0,6,funny
3,0,1,9,funny
5,0,1,8,funny
-6,0,2,27,funny
2,3,0,6,funny
4,0,0,10,funny
4,0,1,33,funny
1,1,0,8,funny
1,0,0,1,funny
1,0,1,2,funny
-3,2,0,2,funny
3,0,0,5,funny
6,0,1,16,funny
1,2,0,2,funny
2,0,0,29,funny
-3,0,1,4,funny
0,4,0,60,funny
1,0,0,6,funny
-1,0,1,186,funny
2,4,0,19,funny
0,0,0,18,funny
2,0,1,199,funny
1,1,1,9,funny
10,0,0,4,funny
1,0,1,3,funny
-2,2,0,4,funny
2,0,0,3,funny
6,0,1,35,funny
0,2,0,11,funny
1,0,0,1,funny
2,2,0,8,funny
1,0,0,77,funny
1,0,2,10,funny
2,0,1,11,funny
-1,1,1,10,funny
2,0,0,38,funny
3,2,0,17,funny
1,0,0,4,funny
1,2,0,8,funny
2,0,1,7,funny
2,0,1,7,funny
1,0,1,50,funny
1,0,1,62,funny
6,1,1,5,funny
1,0,0,4,funny
1,0,1,8,funny
1,1,0,1,funny
0,0,0,1,funny
39,0,1,9,funny
1,1,0,15,funny
10,0,0,7,funny
1,1,0,8,funny
4,0,0,14,funny
1,0,2,12,funny
0,0,1,121,funny
1,7,0,6,funny
1,0,0,8,funny
1,2,0,7,funny
1,0,0,8,funny
3,0,1,7,funny
20,0,1,8,funny
-4,1,0,8,funny
0,0,0,1,funny
1,0,1,123,funny
3,3,0,15,funny
1,0,0,1,funny
1,0,1,29,funny
1,1,0,1,funny
3,0,0,26,funny
1,0,1,23,funny
3,1,0,7,funny
1818,0,1,23,funny
1818,0,1,23,funny
5,1,0,21,funny
2,0,0,12,funny
10,0,1,14,funny
1,1,0,4,funny
12,0,0,35,funny
3,3,0,1,funny
2,0,0,12,funny
1,0,1,8,funny
-9,0,1,10,funny
3,1,0,6,funny
9,0,0,10,funny
15,1,0,28,funny
3,0,0,5,funny
-20,0,1,3,funny
7,1,0,23,funny
2,0,0,7,funny
1,0,1,4,funny
0,0,1,6,funny
-1,1,0,13,funny
1,0,0,25,funny
6,1,0,13,funny
1,0,0,1,funny
10,0,1,25,funny
1,0,1,20,funny
5,2,0,2,funny
2969,0,0,31,funny
2,0,1,42,funny
-7,1,0,6,funny
1,0,0,1,funny
1,0,1,43,funny
1,4,0,19,funny
28,0,0,8,funny
29,0,1,39,funny
2,1,0,16,funny
1,0,0,19,funny
4,0,1,7,funny
1,1,0,10,funny
1,0,0,1,funny
-10,0,1,12,funny
-7,1,0,5,funny
1,0,0,6,funny
1,1,0,5,funny
2,0,0,20,funny
15,0,3,9,funny
4,0,1,8,funny
1,1,1,21,funny
501,0,0,7,funny
1,0,6,81,funny
1,8,0,1,funny
1,0,0,2,funny
5,0,1,7,funny
2,1,0,5,funny
2,0,0,5,funny
1,0,1,11,funny
1,4,0,4,funny
8,0,0,18,funny
6,0,1,4,funny
1,1,0,1,funny
1,0,0,40,funny
33,0,1,37,funny
4,1,0,8,funny
1,0,0,1,funny
8,0,1,6,funny
3,1,0,7,funny
4,0,0,17,funny
0,0,1,13,funny
0,1,0,3,funny
1,0,0,10,funny
14,1,0,10,funny
5,0,0,16,funny
-31,0,1,8,funny
1,1,0,5,funny
69,0,0,1,funny
3,0,1,11,funny
1,0,1,10,funny
1,1,0,9,funny
2,0,0,60,funny
0,0,1,25,funny
0,2,0,1,funny
2,0,0,1,funny
3,0,1,2,funny
3,1,1,23,funny
-5,0,0,4,funny
-1,1,0,8,funny
1,0,0,14,funny
4,0,2,63,funny
1,0,1,26,funny
-2,1,0,7,funny
0,0,0,29,funny
9,0,1,27,funny
1,1,0,2,funny
14,0,0,11,funny
12,0,1,19,funny
1,1,0,5,funny
1,0,0,44,funny
15,1,0,7,funny
1,0,0,10,funny
0,1,0,4,funny
1,0,0,3,funny
1,0,1,4,funny
1,0,1,11,funny
-6,0,2,23,funny
7,3,0,4,funny
5,0,0,5,funny
1,0,3,68,funny
288,1,0,30,funny
1,0,0,1,funny
1,0,1,34,funny
5,1,0,9,funny
1,0,0,18,funny
2,0,1,2,funny
9,1,2,7,funny
2,0,0,5,funny
3,0,1,5,funny
1,1,0,7,funny
2,0,0,6,funny
3,1,0,22,funny
2,0,0,16,funny
16,3,0,4,funny
-1,0,0,1,funny
18,0,1,469,funny
1,0,1,8,funny
31,0,1,58,funny
7,4,1,94,funny
11,0,0,9,funny
2,0,1,35,funny
1,4,1,94,funny
1,0,0,12,funny
1,0,2,221,funny
0,7,0,3,funny
1,0,0,49,funny
5,0,2,34,funny
4,8,0,1,funny
-16,0,0,41,funny
38,0,1,17,funny
5,1,0,17,funny
1,0,0,1,funny
1,0,2,11,funny
1,2,0,2,funny
1,0,0,11,funny
1,0,1,26,funny
1,2,0,9,funny
6,0,1,16,funny
6,0,1,16,funny
7,1,0,28,funny
5,0,0,4,funny
1,0,1,9,funny
2,1,0,14,funny
5,0,0,1,funny
3,1,0,13,funny
2,0,0,1,funny
1,4,0,30,funny
-1,0,0,3,funny
2,0,2,117,funny
2,0,1,9,funny
3,1,0,9,funny
-9,0,0,4,funny
0,0,1,12,funny
2,1,0,6,funny
3,0,0,2,funny
-10,0,1,43,funny
5,2,0,4,funny
2,0,0,3,funny
1,0,1,12,funny
-12,1,0,25,funny
-15,0,4,154,funny
-15,0,4,154,funny
1,5,0,1,funny
3,0,0,2,funny
0,0,1,6,funny
2,1,0,2,funny
2,0,0,1,funny
20,0,1,117,funny
-6,3,0,5,funny
1,0,1,30,funny
1,0,1,30,funny
0,2,0,5,funny
1,0,0,3,funny
1,0,1,9,funny
2,1,0,5,funny
4,0,0,10,funny
-3,2,0,4,funny
-1,0,0,2,funny
-7,0,2,9,funny
-4,0,1,32,funny
1,2,0,23,funny
5,0,0,1,funny
1,0,1,7,funny
3,1,0,18,funny
1,0,1,2,funny
1,0,1,2,funny
1,1,0,8,funny
1,0,0,3,funny
3,0,1,33,funny
-4,3,0,7,funny
1,0,0,7,funny
3,0,1,15,funny
2,1,0,53,funny
1,0,0,7,funny
12,0,2,10,funny
1,2,0,6,funny
1,0,0,8,funny
4,0,1,74,funny
1,1,0,1,funny
4,0,1,8,funny
4,0,1,8,funny
1,4,0,14,funny
2,0,0,15,funny
1,0,1,2,funny
-1,5,0,11,funny
8,0,0,15,funny
16,0,2,9,funny
7,4,1,94,funny
6,0,0,12,funny
4,0,1,5,funny
0,9,0,1,funny
1,0,0,1,funny
2,0,1,6,funny
45,2,0,13,funny
-4,0,1,8,funny
-4,0,1,8,funny
0,2,0,11,funny
1,0,0,1,funny
1,1,0,30,funny
6,0,0,29,funny
21,0,1,220,funny
1,1,0,2,funny
7,0,0,31,funny
192,2,0,1,funny
2,0,0,7,funny
1,0,1,50,funny
3,0,1,9,funny
2,0,1,26,funny
7,1,0,39,funny
1,0,0,2,funny
1,0,1,26,funny
1,2,0,19,funny
1,0,0,5,funny
4,0,1,1,funny
1,3,0,3,funny
3,0,0,2,funny
0,10,0,1,funny
1,0,0,6,funny
1,0,1,34,funny
2,0,1,7,funny
3,1,0,18,funny
4,0,0,8,funny
1,1,0,6,funny
-1,0,1,18,funny
-1,0,1,18,funny
176,0,1,4,funny
3,2,0,10,funny
-11,0,0,25,funny
1,0,1,9,funny
4,1,0,26,funny
9,0,0,5,funny
1,0,1,3,funny
1,8,0,1,funny
5,0,0,1,funny
1,0,1,4,funny
-2,1,0,6,funny
6,0,0,14,funny
3,2,0,17,funny
1,0,0,3,funny
1,0,1,8,funny
2,1,0,6,funny
0,0,0,6,funny
5,0,3,145,funny
2,0,1,9,funny
1,1,0,8,funny
5,0,0,2,funny
3,16,0,11,funny
2,0,0,1,funny
3,0,1,7,funny
0,0,1,10,funny
1,1,0,8,funny
3,0,0,5,funny
3,2,0,5,funny
5,0,0,4,funny
1,0,1,45,funny
2,3,0,6,funny
0,0,0,12,funny
2,0,1,2,funny
1,0,1,26,funny
1,1,0,6,funny
1,0,0,1,funny
-4,0,3,37,funny
1,1,0,13,funny
3,0,0,4,funny
1,1,0,15,funny
6,0,0,7,funny
0,1,0,16,funny
4,0,0,11,funny
2,0,2,7,funny
5,0,1,13,funny
6,0,1,9,funny
-9,1,0,7,funny
1,0,0,12,funny
4,1,0,6,funny
151,0,0,5,funny
1,0,1,10,funny
1,0,1,12,funny
1,4,0,4,funny
1,0,0,12,funny
1,0,1,13,funny
2,1,0,10,funny
5,0,0,59,funny
-15,0,1,22,funny
5,1,0,1,funny
-12,0,0,62,funny
1,2,0,6,funny
21,0,0,26,funny
22,0,1,32,funny
1,0,1,3,funny
1,1,0,14,funny
3,0,0,18,funny
2,0,1,5,funny
-3,1,0,30,funny
1,0,0,5,funny
1,0,1,9,funny
2,1,0,14,funny
1,0,0,7,funny
15,1,0,1,funny
2,0,0,68,funny
0,0,1,29,funny
2,0,1,4,funny
2,1,0,13,funny
1,0,0,16,funny
7,0,1,19,funny
-6,1,1,67,funny
1,0,0,5,funny
0,0,1,109,funny
-1,3,0,10,funny
3,0,0,11,funny
0,0,1,8,funny
1,1,0,4,funny
1,0,0,7,funny
1,0,1,13,funny
2,6,0,5,funny
93,0,0,53,funny
1,0,1,9,funny
-117,2,0,5,funny
1,0,0,40,funny
42,2,0,1,funny
4,0,0,50,funny
2,0,1,1,funny
3,0,1,4,funny
3,1,0,8,funny
2,0,0,18,funny
1,0,1,74,funny
17,1,0,16,funny
1,0,0,1,funny
7,0,2,21,funny
1,3,0,1,funny
-28,0,0,4,funny
4,0,1,4,funny
-3,2,0,3,funny
1,0,0,3,funny
2,0,1,103,funny
1,2,0,2,funny
1,0,0,4,funny
-20,0,1,22,funny
0,1,0,1,funny
3,0,1,14,funny
3,0,1,14,funny
2,2,0,5,funny
5,0,0,29,funny
8,1,0,10,funny
4,0,0,1,funny
1,0,1,7,funny
-4,0,1,54,funny
1,1,2,15,funny
0,0,0,1,funny
1,0,1,34,funny
2,2,0,19,funny
1,0,0,19,funny
-76,3,0,26,funny
99,0,0,3,funny
1,1,0,5,funny
3,0,0,41,funny
-2,0,2,11,funny
8,0,1,27,funny
30,0,1,23,funny
-5,1,0,10,funny
1,0,0,4,funny
-1,1,0,5,funny
5,0,0,8,funny
-8,0,1,14,funny
5,1,0,14,funny
5,0,0,4,funny
6,0,1,9,funny
1,0,1,3,funny
2,1,0,5,funny
6,0,0,3,funny
1,0,1,22,funny
1,2,0,2,funny
5,0,0,4,funny
1,0,1,17,funny
-1,3,0,3,funny
2,0,0,42,funny
-8,0,1,5,funny
3,1,0,12,funny
4,0,0,9,funny
7,0,1,109,funny
1,3,0,1,funny
2,0,0,16,funny
1,0,1,16,funny
1,2,0,1,funny
2,0,1,3,funny
2,0,1,3,funny
2,2,0,2,funny
1,0,0,1,funny
1,0,1,20,funny
-1,4,0,12,funny
10,0,0,18,funny
1,0,1,1,funny
1,1,0,1,funny
1,0,0,36,funny
-1,1,0,38,funny
1,0,0,93,funny
1,1,0,1,funny
1,0,0,20,funny
1,0,2,70,funny
2,0,1,4,funny
2,0,1,90,funny
0,1,0,10,funny
3,0,0,31,funny
1,2,0,19,funny
16,0,0,21,funny
2,0,1,72,funny
0,0,1,8,funny
3,3,0,3,funny
1,0,0,1,funny
1,0,1,13,funny
1,1,0,6,funny
3,0,0,1,funny
1,0,1,5,funny
1,1,0,2,funny
2,0,0,16,funny
1,0,1,2,funny
2,1,0,3,funny
1,0,0,3,funny
1,0,1,19,funny
2,1,0,11,funny
1,0,0,2,funny
-32,0,1,3,funny
1,1,0,10,funny
11,0,0,11,funny
42,0,1,3,funny
1,1,0,10,funny
3,0,0,7,funny
1,0,1,125,funny
1,2,1,50,funny
15,0,0,61,funny
3,0,1,10,funny
12,1,0,1,funny
3,0,0,37,funny
1,0,1,17,funny
1,1,0,6,funny
1,0,0,8,funny
-1,1,1,3,funny
7,0,0,12,funny
0,1,0,10,funny
2,0,0,1,funny
2,1,0,6,funny
-1,0,0,67,funny
-2,0,1,12,funny
6,1,0,1,funny
2,0,0,5,funny
11,1,0,1,funny
12,0,0,25,funny
91,0,1,23,funny
-2,3,0,4,funny
1,0,0,1,funny
2,1,1,16,funny
0,0,0,4,funny
3,0,1,46,funny
1,4,0,10,funny
1,0,0,46,funny
1,0,1,2,funny
1,2,0,15,funny
2,0,0,7,funny
8,0,1,18,funny
2,2,0,1,funny
1,0,0,10,funny
0,0,1,19,funny
2,4,0,1,funny
-9,0,0,32,funny
0,1,0,5,funny
2,0,0,24,funny
1,0,1,11,funny
9,0,1,54,funny
0,1,0,3,funny
1,0,0,16,funny
2,0,1,25,funny
3,1,0,4,funny
1,0,0,9,funny
5,0,1,26,funny
2,1,0,5,funny
1,0,0,1,funny
8,0,1,12,funny
1,1,0,30,funny
-1,0,0,2,funny
1,0,1,577,funny
5,2,0,11,funny
1,0,0,35,funny
1,0,1,19,funny
3,1,0,1,funny
3,0,0,44,funny
3,3,0,1,funny
1,0,0,5,funny
2,1,0,4,funny
1,0,0,6,funny
0,2,0,18,funny
33,0,0,9,funny
10,0,1,7,funny
7,1,0,11,funny
2,0,0,2,funny
7,0,3,33,funny
2,0,1,40,funny
4,0,1,9,funny
2,0,2,40,funny
1,1,0,21,funny
12,0,0,1,funny
4,3,0,13,funny
1,0,0,2,funny
1,0,3,6,funny
1,1,0,3,funny
1,0,0,13,funny
2,0,1,31,funny
2,0,1,4,funny
2,1,0,19,funny
9,0,0,37,funny
2,0,1,138,funny
1,3,0,12,funny
2,0,1,5,funny
2,0,1,5,funny
1,1,0,1,funny
-20,0,0,13,funny
2,1,0,11,funny
2,0,0,6,funny
1,1,0,1,funny
7,0,0,17,funny
1,0,1,9,funny
1,0,1,22,funny
1,1,0,1,funny
1,0,0,7,funny
3,1,0,11,funny
1,0,0,25,funny
1,1,0,12,funny
2,0,0,9,funny
3,1,0,9,funny
3,0,1,55,funny
3,0,1,55,funny
114,0,1,15,funny
6,0,1,11,funny
3,0,8,400,funny
6,1,0,12,funny
42,0,0,2,funny
2,0,1,7,funny
2,1,0,12,funny
-1,0,0,3,funny
14,0,1,4,funny
3,4,0,8,funny
1,0,0,6,funny
1,0,2,13,funny
1,6,0,1,funny
23,0,0,6,funny
2,0,1,15,funny
-2,1,0,14,funny
1,0,0,23,funny
7,0,1,14,funny
3,1,0,10,funny
0,0,0,6,funny
0,0,1,5,funny
1,1,0,11,funny
70,0,0,6,funny
2,0,1,9,funny
28,1,0,1,funny
1,0,0,5,funny
2,0,1,182,funny
8,2,0,3,funny
1,0,0,1,funny
3,0,1,4,funny
0,1,0,19,funny
2,0,0,51,funny
14,0,1,12,funny
1,1,0,11,funny
0,0,0,3,funny
-4,0,1,10,funny
2,1,0,11,funny
5,1,0,20,funny
1,0,0,7,funny
1,0,0,6,funny
9,0,1,18,funny
3,3,1,11,funny
2,0,0,6,funny
1,0,1,24,funny
1,0,1,2,funny
3,1,0,4,funny
2,0,0,2,funny
2,0,1,16,funny
2,1,0,9,funny
1,0,1,14,funny
1,0,1,14,funny
2,3,0,26,funny
6,0,0,9,funny
1,0,1,1,funny
30,1,0,6,funny
1,0,0,1,funny
2,0,1,36,funny
3,3,0,3,funny
1,0,0,8,funny
2,0,1,31,funny
-1,1,0,8,funny
3,0,0,8,funny
-1,0,1,18,funny
1,1,0,8,funny
0,0,0,7,funny
1,0,1,36,funny
1,1,0,3,funny
1,0,0,1,funny
56,0,1,22,funny
3,1,0,14,funny
1,0,0,2,funny
9,0,2,10,funny
5,1,0,9,funny
2,0,0,1,funny
1,0,2,50,funny
1,1,0,5,funny
1,0,0,26,funny
31,0,1,12,funny
4,2,0,30,funny
2,0,0,2,funny
20,0,2,84,funny
2,2,0,6,funny
6,0,0,3,funny
30,0,1,18,funny
0,1,0,14,funny
1,0,0,12,funny
1,0,1,54,funny
-2,1,0,4,funny
2,0,0,17,funny
2,1,0,24,funny
11,0,0,7,funny
19,1,0,4,funny
-12,0,0,1,funny
4,0,1,40,funny
0,2,0,55,funny
1,0,0,1,funny
1,0,1,7,funny
3,0,1,17,funny
2,1,0,11,funny
1,0,0,30,funny
6,0,1,99,funny
71,0,1,16,funny
-3,1,1,10,funny
-1,0,0,1,funny
1,0,1,7,funny
1,1,0,14,funny
0,0,0,10,funny
3,1,0,14,funny
-6,0,0,11,funny
1,1,0,2,funny
9,0,0,21,funny
0,0,1,70,funny
-13,0,1,19,funny
2,0,1,19,funny
12,2,0,1,funny
9,0,0,14,funny
1,0,1,37,funny
2,1,0,13,funny
1,0,0,5,funny
1,0,1,54,funny
2,2,0,7,funny
-3,0,0,3,funny
1,0,1,17,funny
2,1,0,7,funny
1,0,0,4,funny
1,2,0,1,funny
16,0,0,1,funny
1,1,0,2,funny
1,0,0,93,funny
13,1,0,5,funny
22,0,0,10,funny
3,0,1,47,funny
2,0,2,13,funny
1,1,0,20,funny
1,0,0,8,funny
2,0,1,12,funny
4,0,2,19,funny
13,0,1,18,funny
9,1,0,4,funny
1,0,0,104,funny
1,11,0,10,funny
3,0,0,15,funny
4,0,1,5,funny
4,0,1,7,funny
2,1,0,10,funny
53,0,0,8,funny
1,0,1,17,funny
1,3,0,3,funny
3,0,0,6,funny
1,0,1,10,funny
3,2,0,35,funny
-1,0,0,4,funny
2,0,1,5,funny
-3,6,0,3,funny
2,0,0,6,funny
2,0,1,3,funny
-3,1,0,3,funny
38,0,0,7,funny
1,0,1,41,funny
3,1,0,5,funny
6,0,1,16,funny
6,0,1,16,funny
21,2,0,7,funny
1,0,0,1,funny
2,0,1,10,funny
1,1,0,15,funny
9,0,0,17,funny
0,1,0,41,funny
1,0,0,1,funny
4,0,1,17,funny
-24,0,2,19,funny
-9,3,0,3,funny
1,0,0,21,funny
-2,1,0,6,funny
2,0,0,3,funny
-3,0,1,139,funny
1,0,1,78,funny
1,1,0,3,funny
12,0,0,9,funny
15,0,1,25,funny
3,1,0,5,funny
2,0,0,5,funny
80,0,1,17,funny
1,4,0,5,funny
2,0,0,1,funny
3,1,0,4,funny
2,0,0,14,funny
8,0,2,16,funny
7,6,0,11,funny
1,0,0,4,funny
4,0,1,5,funny
9,0,2,22,funny
1,1,0,11,funny
2,0,0,108,funny
83,0,2,13,funny
-1,6,0,1,funny
6,0,0,11,funny
20,1,0,3,funny
17,0,0,142,funny
2,0,1,4,funny
3,1,0,7,funny
2,0,0,29,funny
2,0,2,14,funny
2,0,1,8,funny
0,3,0,9,funny
1,0,0,6,funny
2,2,0,28,funny
12,0,3,21,funny
12,0,3,21,funny
1,2,0,2,funny
2,0,0,5,funny
1,3,0,1,funny
2,0,0,4,funny
3,0,2,71,funny
1,0,1,41,funny
1,1,0,17,funny
1,0,0,15,funny
1,0,1,4,funny
2,1,0,37,funny
10,0,0,12,funny
1,0,1,4,funny
1,1,0,1,funny
3,0,2,19,funny
3,0,2,19,funny
1,1,0,7,funny
8,0,0,40,funny
4,0,1,29,funny
1,1,0,6,funny
-13,0,1,2,funny
-13,0,1,2,funny
-1,4,0,3,funny
2,0,0,17,funny
19,0,1,20,funny
1,1,0,22,funny
1,0,0,20,funny
1,1,0,6,funny
1,0,0,2,funny
18,0,1,21,funny
